"taxon","years","values","unit","geom"
"Ixodes scapularis","2011, 2013, 2014","23, 12, 19","Number of individuals captured","MULTIPOINT ((45.03707 -74.4593), (45.03707 -74.4593), (45.03707 -74.4593), (45.03707 -74.4593), (45.03707 -74.4593), (45.03707 -74.4593), (45.03707 -74.4593), (45.03707 -74.4593), (45.03707 -74.4593), (45.03707 -74.4593), (45.03707 -74.4593), (45.03707 -74.4593), (45.03707 -74.4593), (45.03707 -74.4593), (45.03707 -74.4593), (45.03707 -74.4593), (45.03707 -74.4593), (45.03707 -74.4593), (45.03707 -74.4593), (45.03707 -74.4593), (45.03707 -74.4593), (45.03707 -74.4593), (45.03707 -74.4593), (45.03707 -74.4593), (45.03707 -74.4593), (45.03707 -74.4593), (45.03707 -74.4593), (45.03707 -74.4593), (45.03707 -74.4593), (45.03707 -74.4593), (45.03707 -74.4593), (45.03707 -74.4593), (45.03707 -74.4593), (45.03707 -74.4593), (45.03707 -74.4593), (45.03707 -74.4593), (45.03707 -74.4593), (45.03707 -74.4593), (45.03707 -74.4593), (45.03707 -74.4593), (45.03707 -74.4593), (45.03707 -74.4593), (45.03707 -74.4593), (45.03707 -74.4593), (45.03707 -74.4593), (45.03707 -74.4593), (45.03707 -74.4593), (45.03707 -74.4593), (45.03707 -74.4593), (45.03707 -74.4593), (45.03707 -74.4593), (45.03707 -74.4593), (45.03707 -74.4593), (45.03707 -74.4593))"
