"taxon","years","values","unit","geom"
"Ixodes scapularis","2011, 2013, 2014","35, 24, 5","Number of individuals captured","MULTIPOINT ((45.18704 -73.3475), (45.18704 -73.3475), (45.18704 -73.3475), (45.18704 -73.3475), (45.18704 -73.3475), (45.18704 -73.3475), (45.18704 -73.3475), (45.18704 -73.3475), (45.18704 -73.3475), (45.18704 -73.3475), (45.18704 -73.3475), (45.18704 -73.3475), (45.18704 -73.3475), (45.18704 -73.3475), (45.18704 -73.3475), (45.18704 -73.3475), (45.18704 -73.3475), (45.18704 -73.3475), (45.18704 -73.3475), (45.18704 -73.3475), (45.18704 -73.3475), (45.18704 -73.3475), (45.18704 -73.3475), (45.18704 -73.3475), (45.18704 -73.3475), (45.18704 -73.3475), (45.18704 -73.3475), (45.18704 -73.3475), (45.18704 -73.3475), (45.18704 -73.3475), (45.18704 -73.3475), (45.18704 -73.3475), (45.18704 -73.3475), (45.18704 -73.3475), (45.18704 -73.3475), (45.18704 -73.3475), (45.18704 -73.3475), (45.18704 -73.3475), (45.18704 -73.3475), (45.18704 -73.3475), (45.18704 -73.3475), (45.18704 -73.3475), (45.18704 -73.3475), (45.18704 -73.3475), (45.18704 -73.3475), (45.18704 -73.3475), (45.18704 -73.3475), (45.18704 -73.3475), (45.18704 -73.3475), (45.18704 -73.3475), (45.18704 -73.3475), (45.18704 -73.3475), (45.18704 -73.3475), (45.18704 -73.3475), (45.18704 -73.3475), (45.18704 -73.3475), (45.18704 -73.3475), (45.18704 -73.3475), (45.18704 -73.3475), (45.18704 -73.3475), (45.18704 -73.3475), (45.18704 -73.3475), (45.18704 -73.3475), (45.18704 -73.3475))"
