"taxon","years","values","unit","geom"
"Ixodes scapularis","2011, 2012, 2013, 2014","5, 16, 41, 20","Number of individuals captured","MULTIPOINT ((45.86582 -72.5637), (45.86582 -72.5637), (45.86582 -72.5637), (45.86582 -72.5637), (45.86582 -72.5637), (45.86582 -72.5637), (45.86582 -72.5637), (45.86582 -72.5637), (45.86582 -72.5637), (45.86582 -72.5637), (45.86582 -72.5637), (45.86582 -72.5637), (45.86582 -72.5637), (45.86582 -72.5637), (45.86582 -72.5637), (45.86582 -72.5637), (45.86582 -72.5637), (45.86582 -72.5637), (45.86582 -72.5637), (45.86582 -72.5637), (45.86582 -72.5637), (45.86582 -72.5637), (45.86582 -72.5637), (45.86582 -72.5637), (45.86582 -72.5637), (45.86582 -72.5637), (45.86582 -72.5637), (45.86582 -72.5637), (45.86582 -72.5637), (45.86582 -72.5637), (45.86582 -72.5637), (45.86582 -72.5637), (45.86582 -72.5637), (45.86582 -72.5637), (45.86582 -72.5637), (45.86582 -72.5637), (45.86582 -72.5637), (45.86582 -72.5637), (45.86582 -72.5637), (45.86582 -72.5637), (45.86582 -72.5637), (45.86582 -72.5637), (45.86582 -72.5637), (45.86582 -72.5637), (45.86582 -72.5637), (45.86582 -72.5637), (45.86582 -72.5637), (45.86582 -72.5637), (45.86582 -72.5637), (45.86582 -72.5637), (45.86582 -72.5637), (45.86582 -72.5637), (45.86582 -72.5637), (45.86582 -72.5637), (45.86582 -72.5637), (45.86582 -72.5637), (45.86582 -72.5637), (45.86582 -72.5637), (45.86582 -72.5637), (45.86582 -72.5637), (45.86582 -72.5637), (45.86582 -72.5637), (45.86582 -72.5637), (45.86582 -72.5637), (45.86582 -72.5637), (45.86582 -72.5637), (45.86582 -72.5637), (45.86582 -72.5637), (45.86582 -72.5637), (45.86582 -72.5637), (45.86582 -72.5637), (45.86582 -72.5637), (45.86582 -72.5637), (45.86582 -72.5637), (45.86582 -72.5637), (45.86582 -72.5637), (45.86582 -72.5637), (45.86582 -72.5637), (45.86582 -72.5637), (45.86582 -72.5637), (45.86582 -72.5637), (45.86582 -72.5637))"
