"taxon","years","values","unit","geom"
"Ixodes scapularis","2011, 2012, 2013, 2014","20, 8, 38, 8","Number of individuals captured","MULTIPOINT ((45.06017 -73.2863), (45.06017 -73.2863), (45.06017 -73.2863), (45.06017 -73.2863), (45.06017 -73.2863), (45.06017 -73.2863), (45.06017 -73.2863), (45.06017 -73.2863), (45.06017 -73.2863), (45.06017 -73.2863), (45.06017 -73.2863), (45.06017 -73.2863), (45.06017 -73.2863), (45.06017 -73.2863), (45.06017 -73.2863), (45.06017 -73.2863), (45.06017 -73.2863), (45.06017 -73.2863), (45.06017 -73.2863), (45.06017 -73.2863), (45.06017 -73.2863), (45.06017 -73.2863), (45.06017 -73.2863), (45.06017 -73.2863), (45.06017 -73.2863), (45.06017 -73.2863), (45.06017 -73.2863), (45.06017 -73.2863), (45.06017 -73.2863), (45.06017 -73.2863), (45.06017 -73.2863), (45.06017 -73.2863), (45.06017 -73.2863), (45.06017 -73.2863), (45.06017 -73.2863), (45.06017 -73.2863), (45.06017 -73.2863), (45.06017 -73.2863), (45.06017 -73.2863), (45.06017 -73.2863), (45.06017 -73.2863), (45.06017 -73.2863), (45.06017 -73.2863), (45.06017 -73.2863), (45.06017 -73.2863), (45.06017 -73.2863), (45.06017 -73.2863), (45.06017 -73.2863), (45.06017 -73.2863), (45.06017 -73.2863), (45.06017 -73.2863), (45.06017 -73.2863), (45.06017 -73.2863), (45.06017 -73.2863), (45.06017 -73.2863), (45.06017 -73.2863), (45.06017 -73.2863), (45.06017 -73.2863), (45.06017 -73.2863), (45.06017 -73.2863), (45.06017 -73.2863), (45.06017 -73.2863), (45.06017 -73.2863), (45.06017 -73.2863), (45.06017 -73.2863), (45.06017 -73.2863), (45.06017 -73.2863), (45.06017 -73.2863), (45.06017 -73.2863), (45.06017 -73.2863), (45.06017 -73.2863), (45.06017 -73.2863), (45.06017 -73.2863), (45.06017 -73.2863))"
